Home Team,Away Team,Home Score,Away Score
Manchester United,Leicester City,2,1
Newcastle United,Tottenham Hotspur,1,2
Bournemouth,Cardiff,2,0
Fulham,Crystal Palace,0,2
Huddersfield,Chelsea,0,3
Watford,Brighton & Hove Albion,2,0
Wolverhampton Wanderers,Everton,2,2
Liverpool,West Ham United,4,0
Southampton,Burnley,0,0
Arsenal,Manchester City,0,2
Cardiff,Newcastle United,0,0
Everton,Southampton,2,1
Leicester City,Wolverhampton Wanderers,2,0
Tottenham Hotspur,Fulham,3,1
West Ham United,Bournemouth,1,2
Chelsea,Arsenal,3,2
Burnley,Watford,1,3
Manchester City,Huddersfield,6,1
Brighton & Hove Albion,Manchester United,3,2
Crystal Palace,Liverpool,0,2
Wolverhampton Wanderers,Manchester City,1,1
Arsenal,West Ham United,3,1
Bournemouth,Everton,2,2
Huddersfield,Cardiff,0,0
Southampton,Leicester City,1,2
Liverpool,Brighton & Hove Albion,1,0
Watford,Crystal Palace,2,1
Fulham,Burnley,4,2
Newcastle United,Chelsea,1,2
Manchester United,Tottenham Hotspur,0,3
Leicester City,Liverpool,1,2
Brighton & Hove Albion,Fulham,2,2
Chelsea,Bournemouth,2,0
Crystal Palace,Southampton,0,2
Everton,Huddersfield,1,1
West Ham United,Wolverhampton Wanderers,0,1
Manchester City,Newcastle United,2,1
Cardiff,Arsenal,2,3
Burnley,Manchester United,0,2
Watford,Tottenham Hotspur,2,1
Tottenham Hotspur,Liverpool,1,2
Bournemouth,Leicester City,4,2
Chelsea,Cardiff,4,1
Huddersfield,Crystal Palace,0,1
Manchester City,Fulham,3,0
Newcastle United,Arsenal,1,2
Watford,Manchester United,1,2
Wolverhampton Wanderers,Burnley,1,0
Everton,West Ham United,1,3
Southampton,Brighton & Hove Albion,2,2
Fulham,Watford,1,1
Burnley,Bournemouth,4,0
Cardiff,Manchester City,0,5
Crystal Palace,Newcastle United,0,0
Leicester City,Huddersfield,3,1
Liverpool,Southampton,3,0
Manchester United,Wolverhampton Wanderers,1,1
Brighton & Hove Albion,Tottenham Hotspur,1,2
West Ham United,Chelsea,0,0
Arsenal,Everton,2,0
West Ham United,Manchester United,3,1
Arsenal,Watford,2,0
Everton,Fulham,3,0
Huddersfield,Tottenham Hotspur,0,2
Manchester City,Brighton & Hove Albion,2,0
Newcastle United,Leicester City,0,2
Wolverhampton Wanderers,Southampton,2,0
Chelsea,Liverpool,1,1
Cardiff,Burnley,1,2
Bournemouth,Crystal Palace,2,1
Brighton & Hove Albion,West Ham United,1,0
Burnley,Huddersfield,1,1
Crystal Palace,Wolverhampton Wanderers,0,1
Leicester City,Everton,1,2
Tottenham Hotspur,Cardiff,1,0
Watford,Bournemouth,0,4
Manchester United,Newcastle United,3,2
Fulham,Arsenal,1,5
Southampton,Chelsea,0,3
Liverpool,Manchester City,0,0
Chelsea,Manchester United,2,2
Bournemouth,Southampton,0,0
Cardiff,Fulham,4,2
Manchester City,Burnley,5,0
Newcastle United,Brighton & Hove Albion,0,1
West Ham United,Tottenham Hotspur,0,1
Wolverhampton Wanderers,Watford,0,2
Huddersfield,Liverpool,0,1
Everton,Crystal Palace,2,0
Arsenal,Leicester City,3,1
Brighton & Hove Albion,Wolverhampton Wanderers,1,0
Fulham,Bournemouth,0,3
Liverpool,Cardiff,4,1
Southampton,Newcastle United,0,0
Watford,Huddersfield,3,0
Leicester City,West Ham United,1,1
Burnley,Chelsea,0,4
Crystal Palace,Arsenal,2,2
Manchester United,Everton,2,1
Tottenham Hotspur,Manchester City,0,1
Bournemouth,Manchester United,1,2
Cardiff,Leicester City,0,1
Everton,Brighton & Hove Albion,3,1
Newcastle United,Watford,1,0
West Ham United,Burnley,4,2
Arsenal,Liverpool,1,1
Wolverhampton Wanderers,Tottenham Hotspur,2,3
Manchester City,Southampton,6,1
Chelsea,Crystal Palace,3,1
Huddersfield,Fulham,1,0
Cardiff,Brighton & Hove Albion,2,1
Huddersfield,West Ham United,1,1
Leicester City,Burnley,0,0
Newcastle United,Bournemouth,2,1
Southampton,Watford,1,1
Crystal Palace,Tottenham Hotspur,0,1
Liverpool,Fulham,2,0
Chelsea,Everton,0,0
Arsenal,Wolverhampton Wanderers,1,1
Manchester City,Manchester United,3,1
Brighton & Hove Albion,Leicester City,1,1
Everton,Cardiff,1,0
Fulham,Southampton,3,2
Manchester United,Crystal Palace,0,0
Watford,Liverpool,0,3
West Ham United,Manchester City,0,4
Tottenham Hotspur,Chelsea,3,1
Bournemouth,Arsenal,1,2
Wolverhampton Wanderers,Huddersfield,0,2
Burnley,Newcastle United,1,2
Cardiff,Wolverhampton Wanderers,2,1
Crystal Palace,Burnley,2,0
Huddersfield,Brighton & Hove Albion,1,2
Leicester City,Watford,2,0
Manchester City,Bournemouth,3,1
Newcastle United,West Ham United,0,3
Southampton,Manchester United,2,2
Chelsea,Fulham,2,0
Arsenal,Tottenham Hotspur,4,2
Liverpool,Everton,1,0
Bournemouth,Huddersfield,2,1
Brighton & Hove Albion,Crystal Palace,3,1
West Ham United,Cardiff,3,1
Watford,Manchester City,1,2
Burnley,Liverpool,1,3
Fulham,Leicester City,1,1
Wolverhampton Wanderers,Chelsea,2,1
Everton,Newcastle United,1,1
Manchester United,Arsenal,2,2
Tottenham Hotspur,Southampton,3,1
Bournemouth,Liverpool,0,4
Arsenal,Huddersfield,1,0
Burnley,Brighton & Hove Albion,1,0
Cardiff,Southampton,1,0
Manchester United,Fulham,4,1
West Ham United,Crystal Palace,3,2
Chelsea,Manchester City,2,0
Leicester City,Tottenham Hotspur,0,2
Newcastle United,Wolverhampton Wanderers,1,2
Everton,Watford,2,2
Manchester City,Everton,3,1
Crystal Palace,Leicester City,1,0
Huddersfield,Newcastle United,0,1
Tottenham Hotspur,Burnley,1,0
Watford,Cardiff,3,2
Wolverhampton Wanderers,Bournemouth,2,0
Fulham,West Ham United,0,2
Brighton & Hove Albion,Chelsea,1,2
Southampton,Arsenal,3,2
Liverpool,Manchester United,3,1
Wolverhampton Wanderers,Liverpool,0,2
Arsenal,Burnley,3,1
Bournemouth,Brighton & Hove Albion,2,0
Chelsea,Leicester City,0,1
Huddersfield,Southampton,1,3
Manchester City,Crystal Palace,2,3
Newcastle United,Fulham,0,0
West Ham United,Watford,0,2
Cardiff,Manchester United,1,5
Everton,Tottenham Hotspur,2,6
Fulham,Wolverhampton Wanderers,1,1
Burnley,Everton,1,5
Crystal Palace,Cardiff,0,0
Leicester City,Manchester City,2,1
Liverpool,Newcastle United,4,0
Manchester United,Huddersfield,3,1
Tottenham Hotspur,Bournemouth,5,0
Brighton & Hove Albion,Arsenal,1,1
Watford,Chelsea,1,2
Southampton,West Ham United,1,2
Brighton & Hove Albion,Everton,1,0
Fulham,Huddersfield,1,0
Leicester City,Cardiff,0,1
Tottenham Hotspur,Wolverhampton Wanderers,1,3
Watford,Newcastle United,1,1
Liverpool,Arsenal,5,1
Crystal Palace,Chelsea,0,1
Burnley,West Ham United,2,0
Southampton,Manchester City,1,3
Manchester United,Bournemouth,4,1
Everton,Leicester City,0,1
Arsenal,Fulham,4,1
Cardiff,Tottenham Hotspur,0,3
Bournemouth,Watford,3,3
Chelsea,Southampton,0,0
Huddersfield,Burnley,1,2
West Ham United,Brighton & Hove Albion,2,2
Wolverhampton Wanderers,Crystal Palace,0,2
Newcastle United,Manchester United,0,2
Manchester City,Liverpool,2,1
West Ham United,Arsenal,1,0
Brighton & Hove Albion,Liverpool,0,1
Burnley,Fulham,2,1
Cardiff,Huddersfield,0,0
Crystal Palace,Watford,1,2
Leicester City,Southampton,1,2
Chelsea,Newcastle United,2,1
Everton,Bournemouth,2,0
Tottenham Hotspur,Manchester United,0,1
Manchester City,Wolverhampton Wanderers,3,0
Wolverhampton Wanderers,Leicester City,4,3
Bournemouth,West Ham United,2,0
Liverpool,Crystal Palace,4,3
Manchester United,Brighton & Hove Albion,2,1
Newcastle United,Cardiff,3,0
Southampton,Everton,2,1
Watford,Burnley,0,0
Arsenal,Chelsea,2,0
Huddersfield,Manchester City,0,3
Fulham,Tottenham Hotspur,1,2
Arsenal,Cardiff,2,1
Fulham,Brighton & Hove Albion,4,2
Huddersfield,Everton,0,1
Wolverhampton Wanderers,West Ham United,3,0
Manchester United,Burnley,2,2
Newcastle United,Manchester City,2,1
Bournemouth,Chelsea,4,0
Southampton,Crystal Palace,1,1
Liverpool,Leicester City,1,1
Tottenham Hotspur,Watford,2,1
Tottenham Hotspur,Newcastle United,1,0
Brighton & Hove Albion,Watford,0,0
Burnley,Southampton,1,1
Chelsea,Huddersfield,5,0
Crystal Palace,Fulham,2,0
Everton,Wolverhampton Wanderers,1,3
Cardiff,Bournemouth,2,0
Leicester City,Manchester United,0,1
Manchester City,Arsenal,3,1
West Ham United,Liverpool,1,1
Everton,Manchester City,0,2
Fulham,Manchester United,0,3
Crystal Palace,West Ham United,1,1
Huddersfield,Arsenal,1,2
Liverpool,Bournemouth,3,0
Southampton,Cardiff,1,2
Watford,Everton,1,0
Brighton & Hove Albion,Burnley,1,3
Tottenham Hotspur,Leicester City,3,1
Manchester City,Chelsea,6,0
Wolverhampton Wanderers,Newcastle United,1,1
Cardiff,Watford,1,5
West Ham United,Fulham,3,1
Burnley,Tottenham Hotspur,2,1
Bournemouth,Wolverhampton Wanderers,1,1
Newcastle United,Huddersfield,2,0
Leicester City,Crystal Palace,1,4
Arsenal,Southampton,2,0
Manchester United,Liverpool,0,0
Cardiff,Everton,0,3
Huddersfield,Wolverhampton Wanderers,1,0
Leicester City,Brighton & Hove Albion,2,1
Newcastle United,Burnley,2,0
Arsenal,Bournemouth,5,1
Southampton,Fulham,2,0
Crystal Palace,Manchester United,1,3
Chelsea,Tottenham Hotspur,2,0
Liverpool,Watford,5,0
Manchester City,West Ham United,1,0
Tottenham Hotspur,Arsenal,1,1
Bournemouth,Manchester City,0,1
Brighton & Hove Albion,Huddersfield,1,0
Burnley,Crystal Palace,1,3
Manchester United,Southampton,3,2
Wolverhampton Wanderers,Cardiff,2,0
West Ham United,Newcastle United,2,0
Watford,Leicester City,2,1
Fulham,Chelsea,1,2
Everton,Liverpool,0,0
Crystal Palace,Brighton & Hove Albion,1,2
Cardiff,West Ham United,2,0
Huddersfield,Bournemouth,0,2
Leicester City,Fulham,3,1
Newcastle United,Everton,3,2
Southampton,Tottenham Hotspur,2,1
Manchester City,Watford,3,1
Liverpool,Burnley,4,2
Chelsea,Wolverhampton Wanderers,1,1
Arsenal,Manchester United,2,0
Bournemouth,Newcastle United,2,2
Burnley,Leicester City,1,2
West Ham United,Huddersfield,4,3
Fulham,Liverpool,1,2
Everton,Chelsea,2,0
Fulham,Manchester City,0,2
Brighton & Hove Albion,Southampton,0,1
Burnley,Wolverhampton Wanderers,2,0
Crystal Palace,Huddersfield,2,0
Leicester City,Bournemouth,2,0
Manchester United,Watford,2,1
West Ham United,Everton,0,2
Cardiff,Chelsea,1,2
Liverpool,Tottenham Hotspur,2,1
Arsenal,Newcastle United,2,0
Watford,Fulham,4,1
Wolverhampton Wanderers,Manchester United,2,1
Chelsea,Brighton & Hove Albion,3,0
Tottenham Hotspur,Crystal Palace,2,0
Manchester City,Cardiff,2,0
Southampton,Liverpool,1,3
Bournemouth,Burnley,1,3
Huddersfield,Leicester City,1,4
Newcastle United,Crystal Palace,0,1
Everton,Arsenal,1,0
Chelsea,West Ham United,2,0
Leicester City,Newcastle United,0,1
Tottenham Hotspur,Huddersfield,4,0
Brighton & Hove Albion,Bournemouth,0,5
Burnley,Cardiff,2,0
Fulham,Everton,2,0
Southampton,Wolverhampton Wanderers,3,1
Manchester United,West Ham United,2,1
Crystal Palace,Manchester City,1,3
Liverpool,Chelsea,2,0
Watford,Arsenal,0,1
Brighton & Hove Albion,Cardiff,0,2
Manchester City,Tottenham Hotspur,1,0
Bournemouth,Fulham,0,1
Huddersfield,Watford,1,2
West Ham United,Leicester City,2,2
Wolverhampton Wanderers,Brighton & Hove Albion,0,0
Newcastle United,Southampton,3,1
Everton,Manchester United,4,0
Arsenal,Crystal Palace,2,3
Cardiff,Liverpool,0,2
Chelsea,Burnley,2,2
Watford,Southampton,1,1
Tottenham Hotspur,Brighton & Hove Albion,1,0
Wolverhampton Wanderers,Arsenal,3,1
Manchester United,Manchester City,0,2
Liverpool,Huddersfield,5,0
Tottenham Hotspur,West Ham United,0,1
Crystal Palace,Everton,0,0
Fulham,Cardiff,1,0
Southampton,Bournemouth,3,3
Watford,Wolverhampton Wanderers,1,2
Brighton & Hove Albion,Newcastle United,1,1
Leicester City,Arsenal,3,0
Burnley,Manchester City,0,1
Manchester United,Chelsea,1,1
Everton,Burnley,2,0
Bournemouth,Tottenham Hotspur,1,0
West Ham United,Southampton,3,0
Wolverhampton Wanderers,Fulham,1,0
Cardiff,Crystal Palace,2,3
Newcastle United,Liverpool,2,3
Chelsea,Watford,3,0
Huddersfield,Manchester United,1,1
Arsenal,Brighton & Hove Albion,1,1
Manchester City,Leicester City,1,0
Brighton & Hove Albion,Manchester City,1,4
Burnley,Arsenal,1,3
Crystal Palace,Bournemouth,5,3
Fulham,Newcastle United,0,4
Leicester City,Chelsea,0,0
Liverpool,Wolverhampton Wanderers,2,0
Manchester United,Cardiff,0,2
Southampton,Huddersfield,1,1
Tottenham Hotspur,Everton,2,2
Watford,West Ham United,1,4
Liverpool,Norwich,4,1
West Ham United,Manchester City,0,5
Bournemouth,Sheffield Utd,1,1
Burnley,Southampton,3,0
Crystal Palace,Everton,0,0
Watford,Brighton & Hove Albion,0,3
Tottenham Hotspur,Aston Villa,3,1
Leicester City,Wolverhampton Wanderers,0,0
Newcastle United,Arsenal,0,1
Manchester United,Chelsea,4,0
Arsenal,Burnley,2,1
Aston Villa,Bournemouth,1,2
Brighton & Hove Albion,West Ham United,1,1
Everton,Watford,1,0
Norwich,Newcastle United,3,1
Southampton,Liverpool,1,2
Manchester City,Tottenham Hotspur,2,2
Sheffield Utd,Crystal Palace,1,0
Chelsea,Leicester City,1,1
Wolverhampton Wanderers,Manchester United,1,1
Aston Villa,Everton,2,0
Norwich,Chelsea,2,3
Brighton & Hove Albion,Southampton,0,2
Manchester United,Crystal Palace,1,2
Sheffield Utd,Leicester City,1,2
Watford,West Ham United,1,3
Liverpool,Arsenal,3,1
Bournemouth,Manchester City,1,3
Tottenham Hotspur,Newcastle United,0,1
Wolverhampton Wanderers,Burnley,1,1
Southampton,Manchester United,1,1
Chelsea,Sheffield Utd,2,2
Crystal Palace,Aston Villa,1,0
Leicester City,Bournemouth,3,1
Manchester City,Brighton & Hove Albion,4,0
Newcastle United,Watford,1,1
West Ham United,Norwich,2,0
Burnley,Liverpool,0,3
Everton,Wolverhampton Wanderers,3,2
Arsenal,Tottenham Hotspur,2,2
Liverpool,Newcastle United,3,1
Brighton & Hove Albion,Burnley,1,1
Manchester United,Leicester City,1,0
Sheffield Utd,Southampton,0,1
Tottenham Hotspur,Crystal Palace,4,0
Wolverhampton Wanderers,Chelsea,2,5
Norwich,Manchester City,3,2
Bournemouth,Everton,3,1
Watford,Arsenal,2,2
Aston Villa,West Ham United,0,0
Southampton,Bournemouth,1,3
Leicester City,Tottenham Hotspur,2,1
Burnley,Norwich,2,0
Everton,Sheffield Utd,0,2
Manchester City,Watford,8,0
Newcastle United,Brighton & Hove Albion,0,0
Crystal Palace,Wolverhampton Wanderers,1,1
West Ham United,Manchester United,2,0
Arsenal,Aston Villa,3,2
Chelsea,Liverpool,1,2
Sheffield Utd,Liverpool,0,1
Bournemouth,West Ham United,2,2
Aston Villa,Burnley,2,2
Chelsea,Brighton & Hove Albion,2,0
Crystal Palace,Norwich,2,0
Tottenham Hotspur,Southampton,2,1
Wolverhampton Wanderers,Watford,2,0
Everton,Manchester City,1,3
Leicester City,Newcastle United,5,0
Manchester United,Arsenal,1,1
Brighton & Hove Albion,Tottenham Hotspur,3,0
Burnley,Everton,1,0
Liverpool,Leicester City,2,1
Norwich,Aston Villa,1,5
Watford,Sheffield Utd,0,0
West Ham United,Crystal Palace,1,2
Arsenal,Bournemouth,1,0
Manchester City,Wolverhampton Wanderers,0,2
Southampton,Chelsea,1,4
Newcastle United,Manchester United,1,0
Everton,West Ham United,2,0
Bournemouth,Norwich,0,0
Aston Villa,Brighton & Hove Albion,2,1
Chelsea,Newcastle United,1,0
Leicester City,Burnley,2,1
Tottenham Hotspur,Watford,1,1
Wolverhampton Wanderers,Southampton,1,1
Crystal Palace,Manchester City,0,2
Manchester United,Liverpool,1,1
Sheffield Utd,Arsenal,1,0
Southampton,Leicester City,0,9
Manchester City,Aston Villa,3,0
Brighton & Hove Albion,Everton,3,2
Watford,Bournemouth,0,0
West Ham United,Sheffield Utd,1,1
Burnley,Chelsea,2,4
Newcastle United,Wolverhampton Wanderers,1,1
Arsenal,Crystal Palace,2,2
Liverpool,Tottenham Hotspur,2,1
Norwich,Manchester United,1,3
Bournemouth,Manchester United,1,0
Arsenal,Wolverhampton Wanderers,1,1
Aston Villa,Liverpool,1,2
Brighton & Hove Albion,Norwich,2,0
Manchester City,Southampton,2,1
Sheffield Utd,Burnley,3,0
West Ham United,Newcastle United,2,3
Watford,Chelsea,1,2
Crystal Palace,Leicester City,0,2
Everton,Tottenham Hotspur,1,1
Norwich,Watford,0,2
Chelsea,Crystal Palace,2,0
Burnley,West Ham United,3,0
Newcastle United,Bournemouth,2,1
Southampton,Everton,1,2
Tottenham Hotspur,Sheffield Utd,1,1
Leicester City,Arsenal,2,0
Manchester United,Brighton & Hove Albion,3,1
Wolverhampton Wanderers,Aston Villa,2,1
Liverpool,Manchester City,3,1
West Ham United,Tottenham Hotspur,2,3
Bournemouth,Wolverhampton Wanderers,1,2
Arsenal,Southampton,2,2
Brighton & Hove Albion,Leicester City,0,2
Crystal Palace,Liverpool,1,2
Everton,Norwich,0,2
Watford,Burnley,0,3
Manchester City,Chelsea,2,1
Sheffield Utd,Manchester United,3,3
Aston Villa,Newcastle United,2,0
Newcastle United,Manchester City,2,2
Burnley,Crystal Palace,0,2
Chelsea,West Ham United,0,1
Liverpool,Brighton & Hove Albion,2,1
Tottenham Hotspur,Bournemouth,3,2
Southampton,Watford,2,1
Norwich,Arsenal,2,2
Wolverhampton Wanderers,Sheffield Utd,1,1
Leicester City,Everton,2,1
Manchester United,Aston Villa,2,2
Crystal Palace,Bournemouth,1,0
Burnley,Manchester City,1,4
Leicester City,Watford,2,0
Wolverhampton Wanderers,West Ham United,2,0
Manchester United,Tottenham Hotspur,2,1
Chelsea,Aston Villa,2,1
Southampton,Norwich,2,1
Liverpool,Everton,5,2
Sheffield Utd,Newcastle United,0,2
Arsenal,Brighton & Hove Albion,1,2
Everton,Chelsea,3,1
Bournemouth,Liverpool,0,3
Tottenham Hotspur,Burnley,5,0
Watford,Crystal Palace,0,0
Manchester City,Manchester United,1,2
Aston Villa,Leicester City,1,4
Newcastle United,Southampton,2,1
Norwich,Sheffield Utd,1,2
Brighton & Hove Albion,Wolverhampton Wanderers,2,2
West Ham United,Arsenal,1,3
Liverpool,Watford,2,0
Burnley,Newcastle United,1,0
Chelsea,Bournemouth,0,1
Leicester City,Norwich,1,1
Sheffield Utd,Aston Villa,2,0
Southampton,West Ham United,0,1
Manchester United,Everton,1,1
Wolverhampton Wanderers,Tottenham Hotspur,1,2
Arsenal,Manchester City,0,3
Crystal Palace,Brighton & Hove Albion,1,1
Everton,Arsenal,0,0
Bournemouth,Burnley,0,1
Aston Villa,Southampton,1,3
Brighton & Hove Albion,Sheffield Utd,0,1
Newcastle United,Crystal Palace,1,0
Norwich,Wolverhampton Wanderers,1,2
Manchester City,Leicester City,3,1
Watford,Manchester United,2,0
Tottenham Hotspur,Chelsea,0,2
Tottenham Hotspur,Brighton & Hove Albion,2,1
Bournemouth,Arsenal,1,1
Aston Villa,Norwich,1,0
Chelsea,Southampton,0,2
Crystal Palace,West Ham United,2,1
Everton,Burnley,1,0
Sheffield Utd,Watford,1,1
Manchester United,Newcastle United,4,1
Leicester City,Liverpool,0,4
Wolverhampton Wanderers,Manchester City,3,2
Brighton & Hove Albion,Bournemouth,2,0
Newcastle United,Everton,1,2
Southampton,Crystal Palace,1,1
Watford,Aston Villa,3,0
Norwich,Tottenham Hotspur,2,2
West Ham United,Leicester City,1,2
Burnley,Manchester United,0,2
Arsenal,Chelsea,1,2
Liverpool,Wolverhampton Wanderers,1,0
Manchester City,Sheffield Utd,2,0
Brighton & Hove Albion,Chelsea,1,1
Burnley,Aston Villa,1,2
Newcastle United,Leicester City,0,3
Southampton,Tottenham Hotspur,1,0
Watford,Wolverhampton Wanderers,2,1
Manchester City,Everton,2,1
Norwich,Crystal Palace,1,1
West Ham United,Bournemouth,4,0
Arsenal,Manchester United,2,0
Liverpool,Sheffield Utd,2,0
Sheffield Utd,West Ham United,1,0
Crystal Palace,Arsenal,1,1
Chelsea,Burnley,3,0
Everton,Brighton & Hove Albion,1,0
Leicester City,Southampton,1,2
Manchester United,Norwich,4,0
Wolverhampton Wanderers,Newcastle United,1,1
Tottenham Hotspur,Liverpool,0,1
Bournemouth,Watford,0,3
Aston Villa,Manchester City,1,6
Watford,Tottenham Hotspur,0,0
Arsenal,Sheffield Utd,1,1
Brighton & Hove Albion,Aston Villa,1,1
Manchester City,Crystal Palace,2,2
Norwich,Bournemouth,1,0
Southampton,Wolverhampton Wanderers,2,3
West Ham United,Everton,1,1
Newcastle United,Chelsea,1,0
Burnley,Leicester City,2,1
Liverpool,Manchester United,2,0
Bournemouth,Brighton & Hove Albion,3,1
Aston Villa,Watford,2,1
Everton,Newcastle United,2,2
Sheffield Utd,Manchester City,0,1
Crystal Palace,Southampton,0,2
Chelsea,Arsenal,2,2
Leicester City,West Ham United,4,1
Tottenham Hotspur,Norwich,2,1
Manchester United,Burnley,0,2
Wolverhampton Wanderers,Liverpool,1,2
West Ham United,Liverpool,0,2
Leicester City,Chelsea,2,2
Bournemouth,Aston Villa,2,1
Crystal Palace,Sheffield Utd,0,1
Liverpool,Southampton,4,0
Newcastle United,Norwich,0,0
Watford,Everton,2,3
West Ham United,Brighton & Hove Albion,3,3
Manchester United,Wolverhampton Wanderers,0,0
Burnley,Arsenal,0,0
Tottenham Hotspur,Manchester City,2,0
Everton,Crystal Palace,3,1
Brighton & Hove Albion,Watford,1,1
Sheffield Utd,Bournemouth,2,1
Wolverhampton Wanderers,Leicester City,0,0
Southampton,Burnley,1,2
Norwich,Liverpool,0,1
Aston Villa,Tottenham Hotspur,2,3
Arsenal,Newcastle United,4,0
Chelsea,Manchester United,0,2
Manchester City,West Ham United,2,0
Chelsea,Tottenham Hotspur,2,1
Burnley,Bournemouth,3,0
Crystal Palace,Newcastle United,1,0
Sheffield Utd,Brighton & Hove Albion,1,1
Southampton,Aston Villa,2,0
Leicester City,Manchester City,0,1
Manchester United,Watford,3,0
Wolverhampton Wanderers,Norwich,3,0
Arsenal,Everton,3,2
Liverpool,West Ham United,3,2
Norwich,Leicester City,1,0
Brighton & Hove Albion,Crystal Palace,0,1
Bournemouth,Chelsea,2,2
Newcastle United,Burnley,0,0
West Ham United,Southampton,3,1
Watford,Liverpool,3,0
Everton,Manchester United,1,1
Tottenham Hotspur,Wolverhampton Wanderers,2,3
Liverpool,Bournemouth,2,1
Arsenal,West Ham United,1,0
Crystal Palace,Watford,1,0
Sheffield Utd,Norwich,1,0
Southampton,Newcastle United,0,1
Wolverhampton Wanderers,Brighton & Hove Albion,0,0
Burnley,Tottenham Hotspur,1,1
Chelsea,Everton,4,0
Manchester United,Manchester City,2,0
Leicester City,Aston Villa,4,0
Aston Villa,Sheffield Utd,0,0
Manchester City,Arsenal,3,0
Norwich,Southampton,0,3
Tottenham Hotspur,Manchester United,1,1
Watford,Leicester City,1,1
Brighton & Hove Albion,Arsenal,2,1
West Ham United,Wolverhampton Wanderers,0,2
Bournemouth,Crystal Palace,0,2
Newcastle United,Sheffield Utd,3,0
Aston Villa,Chelsea,1,2
Everton,Liverpool,0,0
Manchester City,Burnley,5,0
Leicester City,Brighton & Hove Albion,0,0
Tottenham Hotspur,West Ham United,2,0
Manchester United,Sheffield Utd,3,0
Newcastle United,Aston Villa,1,1
Norwich,Everton,0,1
Wolverhampton Wanderers,Bournemouth,1,0
Liverpool,Crystal Palace,4,0
Burnley,Watford,1,0
Southampton,Arsenal,0,2
Chelsea,Manchester City,2,1
Aston Villa,Wolverhampton Wanderers,0,1
Watford,Southampton,1,3
Crystal Palace,Burnley,0,1
Brighton & Hove Albion,Manchester United,0,3
Bournemouth,Newcastle United,1,4
Arsenal,Norwich,4,0
Everton,Leicester City,2,1
West Ham United,Chelsea,3,2
Sheffield Utd,Tottenham Hotspur,3,1
Manchester City,Liverpool,4,0
Norwich,Brighton & Hove Albion,0,1
Leicester City,Crystal Palace,3,0
Manchester United,Bournemouth,5,2
Wolverhampton Wanderers,Arsenal,0,2
Chelsea,Watford,3,0
Burnley,Sheffield Utd,1,1
Newcastle United,West Ham United,2,2
Liverpool,Aston Villa,2,0
Southampton,Manchester City,1,0
Tottenham Hotspur,Everton,1,0
Crystal Palace,Chelsea,2,3
Watford,Norwich,2,1
Arsenal,Leicester City,1,1
Manchester City,Newcastle United,5,0
Sheffield Utd,Wolverhampton Wanderers,1,0
West Ham United,Burnley,0,1
Brighton & Hove Albion,Liverpool,1,3
Bournemouth,Tottenham Hotspur,0,0
Everton,Southampton,1,1
Aston Villa,Manchester United,0,3
Norwich,West Ham United,0,4
Watford,Newcastle United,2,1
Liverpool,Burnley,1,1
Sheffield Utd,Chelsea,3,0
Brighton & Hove Albion,Manchester City,0,5
Wolverhampton Wanderers,Everton,3,0
Aston Villa,Crystal Palace,2,0
Tottenham Hotspur,Arsenal,2,1
Bournemouth,Leicester City,4,1
Manchester United,Southampton,2,2
Chelsea,Norwich,1,0
Burnley,Wolverhampton Wanderers,1,1
Manchester City,Bournemouth,2,1
Newcastle United,Tottenham Hotspur,1,3
Arsenal,Liverpool,2,1
Everton,Aston Villa,1,1
Leicester City,Sheffield Utd,2,0
Crystal Palace,Manchester United,0,2
Southampton,Brighton & Hove Albion,1,1
West Ham United,Watford,3,1
Norwich,Burnley,0,2
Bournemouth,Southampton,0,2
Tottenham Hotspur,Leicester City,3,0
Brighton & Hove Albion,Newcastle United,0,0
Sheffield Utd,Everton,0,1
Wolverhampton Wanderers,Crystal Palace,2,0
Watford,Manchester City,0,4
Aston Villa,Arsenal,1,0
Manchester United,West Ham United,1,1
Liverpool,Chelsea,5,3
Arsenal,Watford,3,2
Burnley,Brighton & Hove Albion,1,2
Chelsea,Wolverhampton Wanderers,2,0
Crystal Palace,Tottenham Hotspur,1,1
Everton,Bournemouth,1,3
Leicester City,Manchester United,0,2
Manchester City,Norwich,5,0
Newcastle United,Liverpool,1,3
Southampton,Sheffield Utd,3,1
West Ham United,Aston Villa,1,1
Fulham,Arsenal,0,3
Crystal Palace,Southampton,1,0
Liverpool,Leeds United,4,3
West Ham United,Newcastle United,0,2
West Brom,Leicester City,0,3
Tottenham Hotspur,Everton,0,1
Sheffield Utd,Wolverhampton Wanderers,0,2
Brighton & Hove Albion,Chelsea,1,3
Everton,West Brom,5,2
Leeds United,Fulham,4,3
Manchester United,Crystal Palace,1,3
Arsenal,West Ham United,2,1
Southampton,Tottenham Hotspur,2,5
Newcastle United,Brighton & Hove Albion,0,3
Chelsea,Liverpool,0,2
Leicester City,Burnley,4,2
Aston Villa,Sheffield Utd,1,0
Wolverhampton Wanderers,Manchester City,1,3
Brighton & Hove Albion,Manchester United,2,3
Crystal Palace,Everton,1,2
West Brom,Chelsea,3,3
Burnley,Southampton,0,1
Sheffield Utd,Leeds United,0,1
Tottenham Hotspur,Newcastle United,1,1
Manchester City,Leicester City,2,5
West Ham United,Wolverhampton Wanderers,4,0
Fulham,Aston Villa,0,3
Liverpool,Arsenal,3,1
Chelsea,Crystal Palace,4,0
Everton,Brighton & Hove Albion,4,2
Leeds United,Manchester City,1,1
Newcastle United,Burnley,3,1
Leicester City,West Ham United,0,3
Southampton,West Brom,2,0
Arsenal,Sheffield Utd,2,1
Wolverhampton Wanderers,Fulham,1,0
Manchester United,Tottenham Hotspur,1,6
Aston Villa,Liverpool,7,2
Everton,Liverpool,2,2
Chelsea,Southampton,3,3
Manchester City,Arsenal,1,0
Newcastle United,Manchester United,1,4
Sheffield Utd,Fulham,1,1
Crystal Palace,Brighton & Hove Albion,1,1
Tottenham Hotspur,West Ham United,3,3
Leicester City,Aston Villa,0,1
West Brom,Burnley,0,0
Leeds United,Wolverhampton Wanderers,0,1
Aston Villa,Leeds United,0,3
West Ham United,Manchester City,1,1
Fulham,Crystal Palace,1,2
Manchester United,Chelsea,0,0
Liverpool,Sheffield Utd,2,1
Southampton,Everton,2,0
Wolverhampton Wanderers,Newcastle United,1,1
Arsenal,Leicester City,0,1
Brighton & Hove Albion,West Brom,1,1
Burnley,Tottenham Hotspur,0,1
Wolverhampton Wanderers,Crystal Palace,2,0
Sheffield Utd,Manchester City,0,1
Burnley,Chelsea,0,3
Liverpool,West Ham United,2,1
Aston Villa,Southampton,3,4
Newcastle United,Everton,2,1
Manchester United,Arsenal,0,1
Tottenham Hotspur,Brighton & Hove Albion,2,1
Fulham,West Brom,2,0
Leeds United,Leicester City,1,4
Brighton & Hove Albion,Burnley,0,0
Southampton,Newcastle United,2,0
Everton,Manchester United,1,3
Crystal Palace,Leeds United,4,1
Chelsea,Sheffield Utd,4,1
West Ham United,Fulham,1,0
West Brom,Tottenham Hotspur,0,1
Leicester City,Wolverhampton Wanderers,1,0
Manchester City,Liverpool,1,1
Arsenal,Aston Villa,0,3
Newcastle United,Chelsea,0,2
Aston Villa,Brighton & Hove Albion,1,2
Tottenham Hotspur,Manchester City,2,0
Manchester United,West Brom,1,0
Fulham,Everton,2,3
Sheffield Utd,West Ham United,0,1
Leeds United,Arsenal,0,0
Liverpool,Leicester City,3,0
Burnley,Crystal Palace,1,0
Wolverhampton Wanderers,Southampton,1,1
Crystal Palace,Newcastle United,0,2
Brighton & Hove Albion,Liverpool,1,1
Manchester City,Burnley,5,0
Everton,Leeds United,0,1
West Brom,Sheffield Utd,1,0
Southampton,Manchester United,2,3
Chelsea,Tottenham Hotspur,0,0
Arsenal,Wolverhampton Wanderers,1,2
Leicester City,Fulham,1,2
West Ham United,Aston Villa,2,1
Burnley,Everton,1,1
Manchester City,Fulham,2,0
West Ham United,Manchester United,1,3
Chelsea,Leeds United,3,1
West Brom,Crystal Palace,1,5
Sheffield Utd,Leicester City,1,2
Tottenham Hotspur,Arsenal,2,0
Liverpool,Wolverhampton Wanderers,4,0
Brighton & Hove Albion,Southampton,1,2
Leeds United,West Ham United,1,2
Wolverhampton Wanderers,Aston Villa,0,1
Newcastle United,West Brom,2,1
Manchester United,Manchester City,0,0
Everton,Chelsea,1,0
Southampton,Sheffield Utd,3,0
Crystal Palace,Tottenham Hotspur,1,1
Fulham,Liverpool,1,1
Arsenal,Burnley,0,1
Leicester City,Brighton & Hove Albion,3,0
Wolverhampton Wanderers,Chelsea,2,1
Manchester City,West Brom,1,1
Arsenal,Southampton,1,1
Leeds United,Newcastle United,5,2
Leicester City,Everton,0,2
Fulham,Brighton & Hove Albion,0,0
West Ham United,Crystal Palace,1,1
Liverpool,Tottenham Hotspur,2,1
Aston Villa,Burnley,0,0
Sheffield Utd,Manchester United,2,3
Crystal Palace,Liverpool,0,7
Southampton,Manchester City,0,1
Everton,Arsenal,2,1
Newcastle United,Fulham,1,1
Brighton & Hove Albion,Sheffield Utd,1,1
Tottenham Hotspur,Leicester City,0,2
Manchester United,Leeds United,6,2
West Brom,Aston Villa,0,3
Burnley,Wolverhampton Wanderers,2,1
Chelsea,West Ham United,3,0
Leicester City,Manchester United,2,2
Aston Villa,Crystal Palace,3,0
Fulham,Southampton,0,0
Arsenal,Chelsea,3,1
Manchester City,Newcastle United,2,0
Sheffield Utd,Everton,0,1
Leeds United,Burnley,1,0
West Ham United,Brighton & Hove Albion,2,2
Liverpool,West Brom,1,1
Wolverhampton Wanderers,Tottenham Hotspur,1,1
Crystal Palace,Leicester City,1,1
Chelsea,Aston Villa,1,1
Brighton & Hove Albion,Arsenal,0,1
Burnley,Sheffield Utd,1,0
Southampton,West Ham United,0,0
West Brom,Leeds United,0,5
Manchester United,Wolverhampton Wanderers,1,0
Newcastle United,Liverpool,0,0
Everton,West Ham United,0,1
Manchester United,Aston Villa,2,1
Tottenham Hotspur,Leeds United,3,0
Crystal Palace,Sheffield Utd,2,0
Brighton & Hove Albion,Wolverhampton Wanderers,3,3
West Brom,Arsenal,0,4
Newcastle United,Leicester City,1,2
Chelsea,Manchester City,1,3
Southampton,Liverpool,1,0
Sheffield Utd,Newcastle United,1,0
Burnley,Manchester United,0,1
Wolverhampton Wanderers,Everton,1,2
Manchester City,Brighton & Hove Albion,1,0
Tottenham Hotspur,Fulham,1,1
Arsenal,Crystal Palace,0,0
Wolverhampton Wanderers,West Brom,2,3
Leeds United,Brighton & Hove Albion,0,1
West Ham United,Burnley,1,0
Fulham,Chelsea,0,1
Leicester City,Southampton,2,0
Sheffield Utd,Tottenham Hotspur,1,3
Liverpool,Manchester United,0,0
Manchester City,Crystal Palace,4,0
Arsenal,Newcastle United,3,0
West Ham United,West Brom,2,1
Leicester City,Chelsea,2,0
Manchester City,Aston Villa,2,0
Fulham,Manchester United,1,2
Liverpool,Burnley,0,1
Aston Villa,Newcastle United,2,0
Newcastle United,Leeds United,1,2
Crystal Palace,West Ham United,2,3
West Brom,Manchester City,0,5
Southampton,Arsenal,1,3
Burnley,Aston Villa,3,2
Chelsea,Wolverhampton Wanderers,0,0
Brighton & Hove Albion,Fulham,0,0
Everton,Leicester City,1,1
Manchester United,Sheffield Utd,1,2
Tottenham Hotspur,Liverpool,1,3
Everton,Newcastle United,0,2
Crystal Palace,Wolverhampton Wanderers,1,0
Manchester City,Sheffield Utd,1,0
West Brom,Fulham,2,2
Arsenal,Manchester United,0,0
Southampton,Aston Villa,0,1
Chelsea,Burnley,2,0
Leicester City,Leeds United,1,3
West Ham United,Liverpool,1,3
Brighton & Hove Albion,Tottenham Hotspur,1,0
Sheffield Utd,West Brom,2,1
Wolverhampton Wanderers,Arsenal,2,1
Manchester United,Southampton,9,0
Newcastle United,Crystal Palace,1,2
Burnley,Manchester City,0,2
Fulham,Leicester City,0,2
Leeds United,Everton,1,2
Aston Villa,West Ham United,1,3
Liverpool,Brighton & Hove Albion,0,1
Tottenham Hotspur,Chelsea,0,1
Aston Villa,Arsenal,1,0
Burnley,Brighton & Hove Albion,1,1
Newcastle United,Southampton,3,2
Fulham,West Ham United,0,0
Manchester United,Everton,3,3
Tottenham Hotspur,West Brom,2,0
Wolverhampton Wanderers,Leicester City,0,0
Liverpool,Manchester City,1,4
Sheffield Utd,Chelsea,1,2
Leeds United,Crystal Palace,2,0
Leicester City,Liverpool,3,1
Crystal Palace,Burnley,0,3
Manchester City,Tottenham Hotspur,3,0
Brighton & Hove Albion,Aston Villa,0,0
Southampton,Wolverhampton Wanderers,1,2
West Brom,Manchester United,1,1
Arsenal,Leeds United,4,2
Everton,Fulham,0,2
West Ham United,Sheffield Utd,3,0
Chelsea,Newcastle United,2,0
Burnley,Fulham,1,1
Everton,Manchester City,1,3
Wolverhampton Wanderers,Leeds United,1,0
Southampton,Chelsea,1,1
Burnley,West Brom,0,0
Liverpool,Everton,0,2
Fulham,Sheffield Utd,1,0
West Ham United,Tottenham Hotspur,2,1
Aston Villa,Leicester City,1,2
Arsenal,Manchester City,0,1
Manchester United,Newcastle United,3,1
Brighton & Hove Albion,Crystal Palace,1,2
Leeds United,Southampton,3,0
Manchester City,West Ham United,2,1
West Brom,Brighton & Hove Albion,1,0
Leeds United,Aston Villa,0,1
Newcastle United,Wolverhampton Wanderers,1,1
Crystal Palace,Fulham,0,0
Leicester City,Arsenal,1,3
Tottenham Hotspur,Burnley,4,0
Chelsea,Manchester United,0,0
Sheffield Utd,Liverpool,0,2
Everton,Southampton,1,0
Manchester City,Wolverhampton Wanderers,4,1
Burnley,Leicester City,1,1
Sheffield Utd,Aston Villa,1,0
Crystal Palace,Manchester United,0,0
West Brom,Everton,0,1
Fulham,Tottenham Hotspur,0,1
Liverpool,Chelsea,0,1
Burnley,Arsenal,1,1
Sheffield Utd,Southampton,0,2
Aston Villa,Wolverhampton Wanderers,0,0
Brighton & Hove Albion,Leicester City,1,2
West Brom,Newcastle United,0,0
Liverpool,Fulham,0,1
Manchester City,Manchester United,0,2
Tottenham Hotspur,Crystal Palace,4,1
Chelsea,Everton,2,0
West Ham United,Leeds United,2,0
Manchester City,Southampton,5,2
Newcastle United,Aston Villa,1,1
Leeds United,Chelsea,0,0
Crystal Palace,West Brom,1,0
Everton,Burnley,1,2
Fulham,Manchester City,0,3
Southampton,Brighton & Hove Albion,1,2
Leicester City,Sheffield Utd,5,0
Arsenal,Tottenham Hotspur,2,1
Manchester United,West Ham United,1,0
Wolverhampton Wanderers,Liverpool,0,1
Fulham,Leeds United,1,2
Brighton & Hove Albion,Newcastle United,3,0
West Ham United,Arsenal,3,3
Aston Villa,Tottenham Hotspur,0,2
Chelsea,West Brom,2,5
Leeds United,Sheffield Utd,2,1
Leicester City,Manchester City,0,2
Arsenal,Liverpool,0,3
Southampton,Burnley,3,2
Newcastle United,Tottenham Hotspur,2,2
Aston Villa,Fulham,3,1
Manchester United,Brighton & Hove Albion,2,1
Everton,Crystal Palace,1,1
Wolverhampton Wanderers,West Ham United,2,3
Fulham,Wolverhampton Wanderers,0,1
Manchester City,Leeds United,1,2
Liverpool,Aston Villa,2,1
Crystal Palace,Chelsea,1,4
Burnley,Newcastle United,1,2
West Ham United,Leicester City,3,2
Tottenham Hotspur,Manchester United,1,3
Sheffield Utd,Arsenal,0,3
West Brom,Southampton,3,0
Brighton & Hove Albion,Everton,0,0
Everton,Tottenham Hotspur,2,2
Newcastle United,West Ham United,3,2
Wolverhampton Wanderers,Sheffield Utd,1,0
Arsenal,Fulham,1,1
Manchester United,Burnley,3,1
Leeds United,Liverpool,1,1
Chelsea,Brighton & Hove Albion,0,0
Tottenham Hotspur,Southampton,2,1
Aston Villa,Manchester City,1,2
Leicester City,West Brom,3,0
Arsenal,Everton,0,1
Liverpool,Newcastle United,1,1
West Ham United,Chelsea,0,1
Sheffield Utd,Brighton & Hove Albion,1,0
Wolverhampton Wanderers,Burnley,0,4
Leeds United,Manchester United,0,0
Aston Villa,West Brom,2,2
Leicester City,Crystal Palace,2,1
Southampton,Leicester City,1,1
Crystal Palace,Manchester City,0,2
Brighton & Hove Albion,Leeds United,2,0
Chelsea,Fulham,2,0
Everton,Aston Villa,1,2
Newcastle United,Arsenal,0,2
Tottenham Hotspur,Sheffield Utd,4,0
West Brom,Wolverhampton Wanderers,1,1
Burnley,West Ham United,1,2
Leicester City,Newcastle United,2,4
Leeds United,Tottenham Hotspur,3,1
Sheffield Utd,Crystal Palace,0,2
Manchester City,Chelsea,1,2
Liverpool,Southampton,2,0
Wolverhampton Wanderers,Brighton & Hove Albion,2,1
Aston Villa,Manchester United,1,3
West Ham United,Everton,0,1
Arsenal,West Brom,3,1
Fulham,Burnley,0,2
Manchester United,Leicester City,1,2
Southampton,Crystal Palace,3,1
Chelsea,Arsenal,0,1
Aston Villa,Everton,0,0
Manchester United,Liverpool,2,4
Newcastle United,Manchester City,3,4
Burnley,Leeds United,0,4
Southampton,Fulham,3,1
Brighton & Hove Albion,West Ham United,1,1
Crystal Palace,Aston Villa,3,2
Tottenham Hotspur,Wolverhampton Wanderers,2,0
West Brom,Liverpool,1,2
Everton,Sheffield Utd,0,1
Manchester United,Fulham,1,1
Southampton,Leeds United,0,2
Brighton & Hove Albion,Manchester City,3,2
Chelsea,Leicester City,2,1
Everton,Wolverhampton Wanderers,1,0
Newcastle United,Sheffield Utd,1,0
Tottenham Hotspur,Aston Villa,1,2
Crystal Palace,Arsenal,1,3
Burnley,Liverpool,0,3
West Brom,West Ham United,1,3
Arsenal,Brighton & Hove Albion,2,0
Aston Villa,Chelsea,2,1
Fulham,Newcastle United,0,2
Leeds United,West Brom,3,1
Leicester City,Tottenham Hotspur,2,4
Liverpool,Crystal Palace,2,0
Manchester City,Everton,5,0
Sheffield Utd,Burnley,1,0
West Ham United,Southampton,3,0
Wolverhampton Wanderers,Manchester United,1,2
Brentford,Arsenal,2,0
Manchester United,Leeds United,5,1
Burnley,Brighton & Hove Albion,1,2
Chelsea,Crystal Palace,3,0
Everton,Southampton,3,1
Leicester City,Wolverhampton Wanderers,1,0
Watford,Aston Villa,3,2
Norwich,Liverpool,0,3
Newcastle United,West Ham United,2,4
Tottenham Hotspur,Manchester City,1,0
Liverpool,Burnley,2,0
Aston Villa,Newcastle United,2,0
Crystal Palace,Brentford,0,0
Leeds United,Everton,2,2
Manchester City,Norwich,5,0
Brighton & Hove Albion,Watford,2,0
Southampton,Manchester United,1,1
Wolverhampton Wanderers,Tottenham Hotspur,0,1
Arsenal,Chelsea,0,2
West Ham United,Leicester City,4,1
Manchester City,Arsenal,5,0
Aston Villa,Brentford,1,1
Brighton & Hove Albion,Everton,0,2
Newcastle United,Southampton,2,2
Norwich,Leicester City,1,2
West Ham United,Crystal Palace,2,2
Liverpool,Chelsea,1,1
Burnley,Leeds United,1,1
Tottenham Hotspur,Watford,1,0
Wolverhampton Wanderers,Manchester United,0,1
Crystal Palace,Tottenham Hotspur,3,0
Arsenal,Norwich,1,0
Brentford,Brighton & Hove Albion,0,1
Leicester City,Manchester City,0,1
Manchester United,Newcastle United,4,1
Southampton,West Ham United,0,0
Watford,Wolverhampton Wanderers,0,2
Chelsea,Aston Villa,3,0
Leeds United,Liverpool,0,3
Everton,Burnley,3,1
Newcastle United,Leeds United,1,1
Wolverhampton Wanderers,Brentford,0,2
Burnley,Arsenal,0,1
Liverpool,Crystal Palace,3,0
Manchester City,Southampton,0,0
Norwich,Watford,1,3
Aston Villa,Everton,3,0
Brighton & Hove Albion,Leicester City,2,1
West Ham United,Manchester United,1,2
Tottenham Hotspur,Chelsea,0,3
Chelsea,Manchester City,0,1
Manchester United,Aston Villa,0,1
Everton,Norwich,2,0
Leeds United,West Ham United,1,2
Leicester City,Burnley,2,2
Watford,Newcastle United,1,1
Brentford,Liverpool,3,3
Southampton,Wolverhampton Wanderers,0,1
Arsenal,Tottenham Hotspur,3,1
Crystal Palace,Brighton & Hove Albion,1,1
Manchester United,Everton,1,1
Burnley,Norwich,0,0
Chelsea,Southampton,3,1
Leeds United,Watford,1,0
Wolverhampton Wanderers,Newcastle United,2,1
Brighton & Hove Albion,Arsenal,0,0
Crystal Palace,Leicester City,2,2
Tottenham Hotspur,Aston Villa,2,1
West Ham United,Brentford,1,2
Liverpool,Manchester City,2,2
Watford,Liverpool,0,5
Aston Villa,Wolverhampton Wanderers,2,3
Leicester City,Manchester United,4,2
Manchester City,Burnley,2,0
Norwich,Brighton & Hove Albion,0,0
Southampton,Leeds United,1,0
Brentford,Chelsea,0,1
Everton,West Ham United,0,1
Newcastle United,Tottenham Hotspur,2,3
Arsenal,Crystal Palace,2,2
Arsenal,Aston Villa,3,1
Chelsea,Norwich,7,0
Crystal Palace,Newcastle United,1,1
Everton,Watford,2,5
Leeds United,Wolverhampton Wanderers,1,1
Southampton,Burnley,2,2
Brighton & Hove Albion,Manchester City,1,4
Brentford,Leicester City,1,2
West Ham United,Tottenham Hotspur,1,0
Manchester United,Liverpool,0,5
Leicester City,Arsenal,0,2
Burnley,Brentford,3,1
Liverpool,Brighton & Hove Albion,2,2
Manchester City,Crystal Palace,0,2
Newcastle United,Chelsea,0,3
Watford,Southampton,0,1
Tottenham Hotspur,Manchester United,0,3
Norwich,Leeds United,1,2
Aston Villa,West Ham United,1,4
Wolverhampton Wanderers,Everton,2,1
Southampton,Aston Villa,1,0
Manchester United,Manchester City,0,2
Brentford,Norwich,1,2
Chelsea,Burnley,1,1
Crystal Palace,Wolverhampton Wanderers,2,0
Brighton & Hove Albion,Newcastle United,1,1
Arsenal,Watford,1,0
Everton,Tottenham Hotspur,0,0
Leeds United,Leicester City,1,1
West Ham United,Liverpool,3,2
Leicester City,Chelsea,0,3
Aston Villa,Brighton & Hove Albion,2,0
Burnley,Crystal Palace,3,3
Newcastle United,Brentford,3,3
Norwich,Southampton,2,1
Watford,Manchester United,4,1
Wolverhampton Wanderers,West Ham United,1,0
Liverpool,Arsenal,4,0
Manchester City,Everton,3,0
Tottenham Hotspur,Leeds United,2,1
Arsenal,Newcastle United,2,0
Crystal Palace,Aston Villa,1,2
Liverpool,Southampton,4,0
Norwich,Wolverhampton Wanderers,0,0
Brighton & Hove Albion,Leeds United,0,0
Brentford,Everton,1,0
Leicester City,Watford,4,2
Manchester City,West Ham United,2,1
Chelsea,Manchester United,1,1
Burnley,Tottenham Hotspur,1,0
Newcastle United,Norwich,1,1
Leeds United,Crystal Palace,1,0
Watford,Chelsea,1,2
West Ham United,Brighton & Hove Albion,1,1
Wolverhampton Wanderers,Burnley,0,0
Southampton,Leicester City,2,2
Aston Villa,Manchester City,1,2
Everton,Liverpool,1,4
Tottenham Hotspur,Brentford,2,0
Manchester United,Arsenal,3,2
West Ham United,Chelsea,3,2
Newcastle United,Burnley,1,0
Southampton,Brighton & Hove Albion,1,1
Wolverhampton Wanderers,Liverpool,0,1
Watford,Manchester City,1,3
Leeds United,Brentford,2,2
Manchester United,Crystal Palace,1,0
Tottenham Hotspur,Norwich,3,0
Aston Villa,Leicester City,2,1
Everton,Arsenal,2,1
Brentford,Watford,2,1
Manchester City,Wolverhampton Wanderers,1,0
Arsenal,Southampton,3,0
Chelsea,Leeds United,3,2
Liverpool,Aston Villa,1,0
Norwich,Manchester United,0,1
Burnley,West Ham United,0,0
Leicester City,Newcastle United,4,0
Crystal Palace,Everton,3,1
Brighton & Hove Albion,Tottenham Hotspur,0,2
Norwich,Aston Villa,0,2
Manchester City,Leeds United,7,0
Brighton & Hove Albion,Wolverhampton Wanderers,0,1
Crystal Palace,Southampton,2,2
Arsenal,West Ham United,2,0
Chelsea,Everton,1,1
Liverpool,Newcastle United,3,1
Leicester City,Tottenham Hotspur,2,3
Brentford,Manchester United,1,3
Burnley,Watford,0,0
Leeds United,Arsenal,1,4
Newcastle United,Manchester City,0,4
Wolverhampton Wanderers,Chelsea,0,0
Tottenham Hotspur,Liverpool,2,2
Southampton,Brentford,4,1
West Ham United,Norwich,2,0
Manchester United,Brighton & Hove Albion,2,0
Watford,Crystal Palace,1,4
Everton,Leicester City,1,1
Manchester City,Leicester City,6,3
Norwich,Arsenal,0,5
Tottenham Hotspur,Crystal Palace,3,0
West Ham United,Southampton,2,3
Aston Villa,Chelsea,1,3
Brighton & Hove Albion,Brentford,2,0
Newcastle United,Manchester United,1,1
Liverpool,Leeds United,6,0
Wolverhampton Wanderers,Watford,4,0
Burnley,Everton,3,2
Crystal Palace,Norwich,3,0
Southampton,Tottenham Hotspur,1,1
Watford,West Ham United,1,4
Leicester City,Liverpool,1,0
Chelsea,Brighton & Hove Albion,1,1
Brentford,Manchester City,0,1
Manchester United,Burnley,3,1
Arsenal,Wolverhampton Wanderers,2,1
Leeds United,Aston Villa,0,3
Everton,Newcastle United,1,0
Arsenal,Manchester City,1,2
Watford,Tottenham Hotspur,0,1
Crystal Palace,West Ham United,2,3
Brentford,Aston Villa,2,1
Everton,Brighton & Hove Albion,2,3
Leeds United,Burnley,3,1
Chelsea,Liverpool,2,2
Manchester United,Wolverhampton Wanderers,0,1
Southampton,Newcastle United,1,2
Leicester City,Norwich,3,0
Brighton & Hove Albion,Crystal Palace,1,1
Manchester City,Chelsea,1,0
Newcastle United,Watford,1,1
Norwich,Everton,2,1
Wolverhampton Wanderers,Southampton,3,1
Aston Villa,Manchester United,2,2
Liverpool,Brentford,3,0
West Ham United,Leeds United,2,3
Burnley,Leicester City,0,2
Tottenham Hotspur,Arsenal,3,0
Watford,Norwich,0,3
Everton,Aston Villa,0,1
Brentford,Wolverhampton Wanderers,1,2
Leeds United,Newcastle United,0,1
Manchester United,West Ham United,1,0
Southampton,Manchester City,1,1
Arsenal,Burnley,0,0
Crystal Palace,Liverpool,1,3
Leicester City,Brighton & Hove Albion,1,1
Chelsea,Tottenham Hotspur,2,0
Brighton & Hove Albion,Chelsea,1,1
West Ham United,Watford,1,0
Newcastle United,Everton,3,1
Burnley,Manchester United,1,1
Norwich,Crystal Palace,1,1
Tottenham Hotspur,Southampton,2,3
Manchester City,Brentford,2,0
Aston Villa,Leeds United,3,3
Wolverhampton Wanderers,Arsenal,0,1
Liverpool,Leicester City,2,0
Manchester United,Southampton,1,1
Brentford,Crystal Palace,0,0
Everton,Leeds United,3,0
Watford,Brighton & Hove Albion,0,2
Norwich,Manchester City,0,4
Burnley,Liverpool,0,1
Newcastle United,Aston Villa,1,0
Tottenham Hotspur,Wolverhampton Wanderers,0,2
Leicester City,West Ham United,2,2
Chelsea,Arsenal,2,4
West Ham United,Newcastle United,1,1
Arsenal,Brentford,2,1
Aston Villa,Watford,0,1
Brighton & Hove Albion,Burnley,0,3
Crystal Palace,Chelsea,0,1
Liverpool,Norwich,3,1
Southampton,Everton,2,0
Manchester City,Tottenham Hotspur,2,3
Leeds United,Manchester United,2,4
Wolverhampton Wanderers,Leicester City,2,1
Southampton,Norwich,2,0
Leeds United,Tottenham Hotspur,0,4
Brentford,Newcastle United,0,2
Crystal Palace,Burnley,1,1
Manchester United,Watford,0,0
Brighton & Hove Albion,Aston Villa,0,2
Everton,Manchester City,0,1
West Ham United,Wolverhampton Wanderers,1,0
Arsenal,Liverpool,0,2
Leicester City,Leeds United,1,0
Aston Villa,Southampton,4,0
Burnley,Chelsea,0,4
Newcastle United,Brighton & Hove Albion,2,1
Norwich,Brentford,1,3
Wolverhampton Wanderers,Crystal Palace,0,2
Liverpool,West Ham United,1,0
Watford,Arsenal,2,3
Manchester City,Manchester United,4,1
Tottenham Hotspur,Everton,5,0
Brighton & Hove Albion,Liverpool,0,2
Brentford,Burnley,2,0
Manchester United,Tottenham Hotspur,3,2
Chelsea,Newcastle United,1,0
Everton,Wolverhampton Wanderers,0,1
Leeds United,Norwich,2,1
Southampton,Watford,1,2
West Ham United,Aston Villa,2,1
Arsenal,Leicester City,2,0
Crystal Palace,Manchester City,0,0
Norwich,Chelsea,1,3
Wolverhampton Wanderers,Leeds United,2,3
Aston Villa,Arsenal,0,1
Leicester City,Brentford,2,1
Tottenham Hotspur,West Ham United,3,1
Liverpool,Manchester United,4,0
Newcastle United,Crystal Palace,1,0
Manchester City,Brighton & Hove Albion,3,0
Burnley,Southampton,2,0
Watford,Everton,0,0
Liverpool,Watford,2,0
Brighton & Hove Albion,Norwich,0,0
Burnley,Manchester City,0,2
Chelsea,Brentford,1,4
Leeds United,Southampton,1,1
Wolverhampton Wanderers,Aston Villa,2,1
Manchester United,Leicester City,1,1
West Ham United,Everton,2,1
Tottenham Hotspur,Newcastle United,5,1
Crystal Palace,Arsenal,3,0
Newcastle United,Wolverhampton Wanderers,1,0
Everton,Manchester United,1,0
Arsenal,Brighton & Hove Albion,1,2
Southampton,Chelsea,0,6
Watford,Leeds United,0,3
Aston Villa,Tottenham Hotspur,0,4
Brentford,West Ham United,2,0
Leicester City,Crystal Palace,2,1
Norwich,Burnley,2,0
Manchester City,Liverpool,2,2
Tottenham Hotspur,Brighton & Hove Albion,0,1
Manchester United,Norwich,3,2
Southampton,Arsenal,1,0
Watford,Brentford,1,2
Newcastle United,Leicester City,2,1
West Ham United,Burnley,1,1
Aston Villa,Liverpool,1,2
Leeds United,Chelsea,0,3
Wolverhampton Wanderers,Manchester City,1,5
Arsenal,Manchester United,3,1
Leicester City,Aston Villa,0,0
Manchester City,Watford,5,1
Norwich,Newcastle United,0,3
Brentford,Tottenham Hotspur,0,0
Brighton & Hove Albion,Southampton,2,2
Burnley,Wolverhampton Wanderers,1,0
Chelsea,West Ham United,1,0
Liverpool,Everton,2,0
Crystal Palace,Leeds United,0,0
Manchester United,Chelsea,1,1
Newcastle United,Liverpool,0,1
Aston Villa,Norwich,2,0
Southampton,Crystal Palace,1,2
Watford,Burnley,1,2
Wolverhampton Wanderers,Brighton & Hove Albion,0,3
Leeds United,Manchester City,0,4
Everton,Chelsea,1,0
Tottenham Hotspur,Leicester City,3,1
West Ham United,Arsenal,1,2
Manchester United,Brentford,3,0
Brentford,Southampton,3,0
Burnley,Aston Villa,1,3
Chelsea,Wolverhampton Wanderers,2,2
Crystal Palace,Watford,1,0
Brighton & Hove Albion,Manchester United,4,0
Liverpool,Tottenham Hotspur,1,1
Arsenal,Leeds United,2,1
Leicester City,Everton,1,2
Norwich,West Ham United,0,4
Manchester City,Newcastle United,5,0
Tottenham Hotspur,Burnley,1,0
Aston Villa,Crystal Palace,1,1
Leeds United,Brighton & Hove Albion,1,1
Watford,Leicester City,1,5
West Ham United,Manchester City,2,2
Wolverhampton Wanderers,Norwich,1,1
Everton,Brentford,2,3
Newcastle United,Arsenal,2,0
Southampton,Liverpool,1,2
Everton,Crystal Palace,3,2
Aston Villa,Burnley,1,1
Chelsea,Leicester City,1,1
Arsenal,Everton,5,1
Brentford,Leeds United,1,2
Brighton & Hove Albion,West Ham United,3,1
Burnley,Newcastle United,1,2
Chelsea,Watford,2,1
Crystal Palace,Manchester United,1,0
Leicester City,Southampton,4,1
Liverpool,Wolverhampton Wanderers,3,1
Manchester City,Aston Villa,3,2
Norwich,Tottenham Hotspur,0,5
Crystal Palace,Arsenal,0,2
Fulham,Liverpool,2,2
Bournemouth,Aston Villa,2,0
Leeds United,Wolverhampton Wanderers,2,1
Newcastle United,Nottingham Forest,2,0
Tottenham Hotspur,Southampton,4,1
Everton,Chelsea,0,1
Leicester City,Brentford,2,2
Manchester United,Brighton & Hove Albion,1,2
West Ham United,Manchester City,0,2
Aston Villa,Everton,2,1
Arsenal,Leicester City,4,2
Brighton & Hove Albion,Newcastle United,0,0
Manchester City,Bournemouth,4,0
Southampton,Leeds United,2,2
Wolverhampton Wanderers,Fulham,0,0
Brentford,Manchester United,4,0
Nottingham Forest,West Ham United,1,0
Chelsea,Tottenham Hotspur,2,2
Liverpool,Crystal Palace,1,1
Tottenham Hotspur,Wolverhampton Wanderers,1,0
Crystal Palace,Aston Villa,3,1
Everton,Nottingham Forest,1,1
Fulham,Brentford,3,2
Leicester City,Southampton,1,2
Bournemouth,Arsenal,0,3
Leeds United,Chelsea,3,0
West Ham United,Brighton & Hove Albion,0,2
Newcastle United,Manchester City,3,3
Manchester United,Liverpool,2,1
Southampton,Manchester United,0,1
Brentford,Everton,1,1
Brighton & Hove Albion,Leeds United,1,0
Chelsea,Leicester City,2,1
Liverpool,Bournemouth,9,0
Manchester City,Crystal Palace,4,2
Arsenal,Fulham,2,1
Aston Villa,West Ham United,0,1
Wolverhampton Wanderers,Newcastle United,1,1
Nottingham Forest,Tottenham Hotspur,0,2
Fulham,Brighton & Hove Albion,2,1
Crystal Palace,Brentford,1,1
Southampton,Chelsea,2,1
Leeds United,Everton,1,1
Bournemouth,Wolverhampton Wanderers,0,0
Arsenal,Aston Villa,2,1
Manchester City,Nottingham Forest,6,0
West Ham United,Tottenham Hotspur,1,1
Liverpool,Newcastle United,2,1
Leicester City,Manchester United,0,1
Everton,Liverpool,0,0
Brentford,Leeds United,5,2
Chelsea,West Ham United,2,1
Newcastle United,Crystal Palace,0,0
Nottingham Forest,Bournemouth,2,3
Tottenham Hotspur,Fulham,2,1
Wolverhampton Wanderers,Southampton,1,0
Aston Villa,Manchester City,1,1
Brighton & Hove Albion,Leicester City,5,2
Manchester United,Arsenal,3,1
Fulham,Chelsea,2,1
Crystal Palace,Manchester United,1,1
Manchester City,Tottenham Hotspur,4,2
Arsenal,Everton,4,0
Liverpool,Wolverhampton Wanderers,2,0
Southampton,Brentford,0,2
Bournemouth,Brighton & Hove Albion,0,2
Leeds United,Nottingham Forest,2,1
Leicester City,Aston Villa,1,2
West Ham United,Newcastle United,1,5
Aston Villa,Southampton,1,0
Nottingham Forest,Fulham,2,3
Wolverhampton Wanderers,Manchester City,0,3
Newcastle United,Bournemouth,1,1
Tottenham Hotspur,Leicester City,6,2
Brentford,Arsenal,0,3
Everton,West Ham United,1,0
Manchester United,Leeds United,2,2
Brighton & Hove Albion,Crystal Palace,1,0
Chelsea,Liverpool,0,0
Arsenal,Tottenham Hotspur,3,1
Bournemouth,Brentford,0,0
Crystal Palace,Chelsea,1,2
Fulham,Newcastle United,1,4
Liverpool,Brighton & Hove Albion,3,3
Southampton,Everton,1,2
West Ham United,Wolverhampton Wanderers,2,0
Manchester City,Manchester United,6,3
Leeds United,Aston Villa,0,0
Leicester City,Nottingham Forest,4,0
Bournemouth,Leicester City,2,1
Chelsea,Wolverhampton Wanderers,3,0
Manchester City,Southampton,4,0
Newcastle United,Brentford,5,1
Brighton & Hove Albion,Tottenham Hotspur,0,1
Crystal Palace,Leeds United,2,1
West Ham United,Fulham,3,1
Arsenal,Liverpool,3,2
Everton,Manchester United,1,2
Nottingham Forest,Aston Villa,1,1
Brentford,Brighton & Hove Albion,2,0
Leicester City,Crystal Palace,0,0
Fulham,Bournemouth,2,2
Wolverhampton Wanderers,Nottingham Forest,1,0
Tottenham Hotspur,Everton,2,0
Aston Villa,Chelsea,0,2
Leeds United,Arsenal,0,1
Manchester United,Newcastle United,0,0
Southampton,West Ham United,1,1
Liverpool,Manchester City,1,0
Brighton & Hove Albion,Nottingham Forest,0,0
Crystal Palace,Wolverhampton Wanderers,2,1
Bournemouth,Southampton,0,1
Brentford,Chelsea,0,0
Newcastle United,Everton,1,0
Liverpool,West Ham United,1,0
Manchester United,Tottenham Hotspur,2,0
Fulham,Aston Villa,3,0
Leicester City,Leeds United,2,0
Arsenal,Manchester City,1,3
Nottingham Forest,Liverpool,1,0
Everton,Crystal Palace,3,0
Manchester City,Brighton & Hove Albion,3,1
Chelsea,Manchester United,1,1
Aston Villa,Brentford,4,0
Leeds United,Fulham,2,3
Southampton,Arsenal,1,1
Wolverhampton Wanderers,Leicester City,0,4
Tottenham Hotspur,Newcastle United,1,2
West Ham United,Bournemouth,2,0
Leicester City,Manchester City,0,1
Bournemouth,Tottenham Hotspur,2,3
Brentford,Wolverhampton Wanderers,1,1
Brighton & Hove Albion,Chelsea,4,1
Crystal Palace,Southampton,1,0
Newcastle United,Aston Villa,4,0
Fulham,Everton,0,0
Liverpool,Leeds United,1,2
Arsenal,Nottingham Forest,5,0
Manchester United,West Ham United,1,0
Leeds United,Bournemouth,4,3
Manchester City,Fulham,2,1
Nottingham Forest,Brentford,2,2
Wolverhampton Wanderers,Brighton & Hove Albion,2,3
Everton,Leicester City,0,2
Chelsea,Arsenal,0,1
Aston Villa,Manchester United,3,1
Southampton,Newcastle United,1,4
West Ham United,Crystal Palace,1,2
Tottenham Hotspur,Liverpool,1,2
Manchester City,Brentford,1,2
Bournemouth,Everton,3,0
Liverpool,Southampton,3,1
Nottingham Forest,Crystal Palace,1,0
Tottenham Hotspur,Leeds United,4,3
West Ham United,Leicester City,0,2
Newcastle United,Chelsea,1,0
Wolverhampton Wanderers,Arsenal,0,2
Brighton & Hove Albion,Aston Villa,1,2
Fulham,Manchester United,1,2
Brentford,Tottenham Hotspur,2,2
Crystal Palace,Fulham,0,3
Everton,Wolverhampton Wanderers,1,2
Leicester City,Newcastle United,0,3
Southampton,Brighton & Hove Albion,1,3
Aston Villa,Liverpool,1,3
Arsenal,West Ham United,3,1
Chelsea,Bournemouth,2,0
Manchester United,Nottingham Forest,3,0
Leeds United,Manchester City,1,3
West Ham United,Brentford,0,2
Liverpool,Leicester City,2,1
Wolverhampton Wanderers,Manchester United,0,1
Bournemouth,Crystal Palace,0,2
Fulham,Southampton,2,1
Manchester City,Everton,1,1
Newcastle United,Leeds United,0,0
Brighton & Hove Albion,Arsenal,2,4
Tottenham Hotspur,Aston Villa,0,2
Nottingham Forest,Chelsea,1,1
Brentford,Liverpool,3,1
Arsenal,Newcastle United,0,0
Everton,Brighton & Hove Albion,1,4
Leicester City,Fulham,0,1
Manchester United,Bournemouth,3,0
Southampton,Nottingham Forest,0,1
Leeds United,West Ham United,2,2
Aston Villa,Wolverhampton Wanderers,1,1
Crystal Palace,Tottenham Hotspur,0,4
Chelsea,Manchester City,0,1
Aston Villa,Leeds United,2,1
Manchester United,Manchester City,2,1
Brighton & Hove Albion,Liverpool,3,0
Everton,Southampton,1,2
Nottingham Forest,Leicester City,2,0
Wolverhampton Wanderers,West Ham United,1,0
Brentford,Bournemouth,2,0
Chelsea,Crystal Palace,1,0
Newcastle United,Fulham,1,0
Tottenham Hotspur,Arsenal,0,2
Liverpool,Chelsea,0,0
Bournemouth,Nottingham Forest,1,1
Leicester City,Brighton & Hove Albion,2,2
Southampton,Aston Villa,0,1
West Ham United,Everton,2,0
Crystal Palace,Newcastle United,0,0
Leeds United,Brentford,0,0
Manchester City,Wolverhampton Wanderers,3,0
Arsenal,Manchester United,3,2
Fulham,Tottenham Hotspur,0,1
Chelsea,Fulham,0,0
Everton,Arsenal,1,0
Aston Villa,Leicester City,2,4
Brentford,Southampton,3,0
Brighton & Hove Albion,Bournemouth,1,0
Manchester United,Crystal Palace,2,1
Wolverhampton Wanderers,Liverpool,3,0
Newcastle United,West Ham United,1,1
Nottingham Forest,Leeds United,1,0
Tottenham Hotspur,Manchester City,1,0
West Ham United,Chelsea,1,1
Arsenal,Brentford,1,1
Crystal Palace,Brighton & Hove Albion,1,1
Fulham,Nottingham Forest,2,0
Leicester City,Tottenham Hotspur,4,1
Southampton,Wolverhampton Wanderers,1,2
Bournemouth,Newcastle United,1,1
Leeds United,Manchester United,0,2
Manchester City,Aston Villa,3,1
Liverpool,Everton,2,0
Aston Villa,Arsenal,2,4
Brentford,Crystal Palace,1,1
Brighton & Hove Albion,Fulham,0,1
Chelsea,Southampton,0,1
Everton,Leeds United,1,0
Nottingham Forest,Manchester City,1,1
Wolverhampton Wanderers,Bournemouth,0,1
Newcastle United,Liverpool,0,2
Manchester United,Leicester City,3,0
Tottenham Hotspur,West Ham United,2,0
Fulham,Wolverhampton Wanderers,1,1
Everton,Aston Villa,0,2
Leeds United,Southampton,1,0
Leicester City,Arsenal,0,1
West Ham United,Nottingham Forest,4,0
Bournemouth,Manchester City,1,4
Crystal Palace,Liverpool,0,0
Tottenham Hotspur,Chelsea,2,0
Manchester United,Brentford,1,0
Manchester City,Newcastle United,2,0
Arsenal,Bournemouth,3,2
Aston Villa,Crystal Palace,1,0
Brighton & Hove Albion,West Ham United,4,0
Chelsea,Leeds United,1,0
Wolverhampton Wanderers,Tottenham Hotspur,1,0
Southampton,Leicester City,1,0
Nottingham Forest,Everton,2,2
Liverpool,Manchester United,7,0
Brentford,Fulham,3,2
Bournemouth,Liverpool,1,0
Everton,Brentford,1,0
Leeds United,Brighton & Hove Albion,2,2
Leicester City,Chelsea,1,3
Tottenham Hotspur,Nottingham Forest,3,1
Crystal Palace,Manchester City,0,1
Fulham,Arsenal,0,3
Manchester United,Southampton,0,0
West Ham United,Aston Villa,1,1
Newcastle United,Wolverhampton Wanderers,2,1
Nottingham Forest,Newcastle United,1,2
Aston Villa,Bournemouth,3,0
Brentford,Leicester City,1,1
Southampton,Tottenham Hotspur,3,3
Wolverhampton Wanderers,Leeds United,2,4
Chelsea,Everton,2,2
Arsenal,Crystal Palace,4,1
Manchester City,Liverpool,4,1
Bournemouth,Fulham,2,1
Arsenal,Leeds United,4,1
Brighton & Hove Albion,Brentford,3,3
Crystal Palace,Leicester City,2,1
Nottingham Forest,Wolverhampton Wanderers,1,1
Chelsea,Aston Villa,0,2
West Ham United,Southampton,1,0
Newcastle United,Manchester United,2,0
Everton,Tottenham Hotspur,1,1
Manchester United,Everton,2,0
Aston Villa,Nottingham Forest,2,0
Brentford,Newcastle United,1,2
Fulham,West Ham United,0,1
Leicester City,Bournemouth,0,1
Tottenham Hotspur,Brighton & Hove Albion,2,1
Wolverhampton Wanderers,Chelsea,1,0
Southampton,Manchester City,1,4
Leeds United,Crystal Palace,1,5
Liverpool,Arsenal,2,2
Aston Villa,Newcastle United,3,0
Chelsea,Brighton & Hove Albion,1,2
Everton,Fulham,1,3
Southampton,Crystal Palace,0,2
Wolverhampton Wanderers,Brentford,2,0
Tottenham Hotspur,Bournemouth,2,3
Manchester City,Leicester City,3,1
West Ham United,Arsenal,2,2
Nottingham Forest,Manchester United,0,2